product_name,total_revenue
Smartphone,42030.497604683165
Notebook,41899.17448571414
Soccer Ball,41574.27713329804
Yoga Mat,41528.671905556024
Tablet,37416.53165461576
Vase,35270.75577280456
Laptop,35067.92727462155
Smartwatch,35054.617387285354
Headphones,33832.237213826484
T-shirt,33801.63410524506
